name,composition
ab-flo-n tablet,"['Acebrophylline (100mg) ', ' Acetylcysteine (600mg)']"
acemiz plus tablet,"['Aceclofenac (100mg) ', ' Paracetamol (325mg)']"
acenac-p tablet,"['Aceclofenac (100mg) ', ' Paracetamol (325mg)']"
aciloc 150 tablet,"['Ranitidine (150mg)', ]"
aciloc 300 tablet,"['Ranitidine (300mg)', ]"
acivir 400 dt tablet,"['Acyclovir (400mg)', ]"
acogut tablet,"['Acotiamide (100mg)', ]"
acton-or tablet sr,"['Paracetamol (300mg) ', ' Paracetamol (700mg)']"
admenta 5 tablet,"['Memantine (5mg)', ]"
aldactone 50 tablet,"['Spironolactone (50mg)', ]"
alex cough lozenges,"['Dextromethorphan Hydrobromide (5mg)', ]"
alex syrup,"['Phenylephrine (5mg/5ml) ', ' Chlorpheniramine Maleate (2mg/5ml) ']"
allegra 120mg tablet,"['Fexofenadine (120mg)', ]"
allegra-m tablet,"['Montelukast (10mg) ', ' Fexofenadine (120mg)']"
allercet-dc tablet,"['Cetirizine (10mg) ', ' Phenylephrine (10mg)']"
alprax 0.25 tablet,"['Alprazolam (0.25mg)', ]"
amaryl 1mg tablet,"['Glimepiride (1mg)', ]"
ambrodil-s syrup,"['Ambroxol (15mg/5ml) ', ' Salbutamol (1mg/5ml)']"
amlip 5 tablet,"['Amlodipine (5mg)', ]"
amlokind 5 tablet,"['Amlodipine (5mg)', ]"
amlong tablet,"['Amlodipine (5mg)', ]"
amlovas 5 tablet,"['Amlodipine (5mg)', ]"
amoxyclav 625 tablet,"['Amoxycillin  (500mg) ', '  Clavulanic Acid (125mg)']"
anafortan 25 mg/300 mg tablet,"['Camylofin (25mg) ', ' Paracetamol (300mg)']"
anovate cream,"['Phenylephrine (0.10% w/w) ', ' Beclometasone (0.025% w/w) ']"
aquazide 12.5 tablet,"['Hydrochlorothiazide (12.5mg)', ]"
arkamin tablet,"['Clonidine (100mcg)', ]"
ascoril d plus syrup sugar free,"['Phenylephrine (5mg) ', ' Chlorpheniramine Maleate (2mg) ']"
ascoril ls syrup,"['Ambroxol (30mg/5ml) ', ' Levosalbutamol (1mg/5ml) ']"
asthakind-dx syrup sugar free,"['Phenylephrine (5mg/5ml) ', ' Chlorpheniramine Maleate (2mg/5ml) ']"
asthalin 4 tablet,"['Salbutamol (4mg)', ]"
asthalin syrup,"['Salbutamol (2mg/5ml)', ]"
atarax 10mg tablet,"['Hydroxyzine (10mg)', ]"
atarax 25mg tablet,"['Hydroxyzine (25mg)', ]"
atorva 20 tablet,"['Atorvastatin (20mg)', ]"
atorva tablet,"['Atorvastatin (10mg)', ]"
augmentin 375 tablet,"['Amoxycillin  (250mg) ', '  Clavulanic Acid (125mg)']"
augmentin 625 duo tablet,"['Amoxycillin  (500mg) ', '  Clavulanic Acid (125mg)']"
augmentin duo oral suspension,"['Amoxycillin  (200mg) ', '  Clavulanic Acid (28.5mg)']"
avil 25 tablet,"['Pheniramine (25mg)', ]"
avomine tablet,"['Promethazine (25mg)', ]"
azee 500 tablet,"['Azithromycin (500mg)', ]"
azicip 500 tablet,"['Azithromycin (500mg)', ]"
azithral 500 tablet,"['Azithromycin (500mg)', ]"
aztolet 10 tablet,"['Atorvastatin (10mg) ', ' Clopidogrel (75mg)']"
bactomin 375 tablet,"['Sultamicillin tosilate (375mg)', ]"
baga-nt tablet,"['Gabapentin (400mg) ', ' Nortriptyline (10mg)']"
bandy-plus chewable tablet,"['Ivermectin  (6mg) ', '  Albendazole (400mg)']"
banocide forte tablet,"['Diethylcarbamazine (100mg)', ]"
benadryl dr syrup,"['Dextromethorphan Hydrobromide (15mg/5ml)', ]"
benadryl syrup,"['Diphenhydramine (14.08mg/5ml) ', ' Ammonium Chloride (138mg/5ml) ']"
benalgis tablet,"['Benfotiamine (100mg)', ]"
benitowa 8 tablet,"['Benidipine (8mg)', ]"
betacap 10 tablet,"['Propranolol (10mg)', ]"
betacap tr 20 capsule,"['Propranolol (20mg)', ]"
betacap tr 40 capsule,"['Propranolol (40mg)', ]"
betadine 2% gargle mint,"['Povidone Iodine (2% w/v)', ]"
betnesol tablet,"['Betamethasone (0.5mg)', ]"
betnovate cream,"['Betamethasone (0.1% w/w)', ]"
betnovate-c cream,"['Betamethasone (0.1% w/w) ', ' Clioquinol (Iodochlorhydroxyquin) (3% w/w)']"
betnovate-gm cream,"['Betamethasone (0.1% w/w) ', ' Gentamicin (0.1% w/w) ']"
betnovate-n cream,"['Betamethasone (0.1% w/w) ', ' Neomycin (0.5% w/w)']"
bigomet sr 500 tablet,"['Metformin (500mg)', ]"
bilashine tablet,"['Bilastine (20mg)', ]"
bilasure m 20mg/10mg tablet,"['Bilastine (20mg) ', ' Montelukast (10mg)']"
bilypsa tablet,"['Saroglitazar (4mg)', ]"
bladmir-s 50 tablet er,"['Mirabegron (50mg) ', ' Solifenacin (5mg)']"
brakke tablet,"['Ofloxacin (200mg) ', ' Ornidazole (500mg)']"
brigrel tablet,"['Ticagrelor (90mg)', ]"
brilinta 90mg tablet,"['Ticagrelor (90mg)', ]"
briv 50mg tablet,"['Brivaracetam (50mg)', ]"
brivazen 50 tablet,"['Brivaracetam (50mg)', ]"
bro-zedex syrup,"['Bromhexine (4mg) ', ' Guaifenesin (50mg) ']"
broclear tablet,"['Acebrophylline (100mg) ', ' Acetylcysteine (600mg)']"
broncofil n tablet,"['Acebrophylline (100mg) ', ' Acetylcysteine (600mg)']"
brozeet-ls syrup,"['Ambroxol (15mg) ', ' Levosalbutamol (0.5mg) ']"
brufen 400 tablet,"['Ibuprofen (400mg)', ]"
brufen 600 tablet,"['Ibuprofen (600mg)', ]"
budecort 0.5mg respules 2ml,"['Budesonide (0.5mg)', ]"
buscopan 10mg tablet,"['Hyoscine butylbromide (10mg)', ]"
buspin 10 tablet,"['Buspirone (10mg)', ]"
calpol 500mg tablet,"['Paracetamol (500mg)', ]"
calpol 650mg tablet,"['Paracetamol (650mg)', ]"
calpol t tablet,"['Paracetamol/Acetaminophen  (325mg) ', '  Tramadol (37.5mg)']"
candid-b cream,"['Beclometasone (0.025% w/w) ', ' Clotrimazole (1% w/w)']"
candiforce 200 capsule,"['Itraconazole (200mg)', ]"
cefakind 500 tablet,"['Cefuroxime (500mg)', ]"
cefakind-cv 500 tablet,"['Cefuroxime (500mg) ', ' Clavulanic Acid (125mg)']"
cefix 200 tablet,"['Cefixime (200mg)', ]"
ceftum 500mg tablet,"['Cefuroxime (500mg)', ]"
cepodem 200 tablet,"['Cefpodoxime Proxetil (200mg)', ]"
cepodem xp 325 tablet,"['Cefpodoxime Proxetil (200mg) ', ' Clavulanic Acid (125mg)']"
cetrizine tablet,"['Cetirizine (10mg)', ]"
chericof syrup,"['Phenylephrine (5mg/5ml) ', ' Chlorpheniramine Maleate (2mg/5ml) ']"
cheston cold tablet,"['Cetirizine (5mg) ', ' Paracetamol (325mg) ']"
chymoral forte tablet,"['Trypsin Chymotrypsin (100000AU)', ]"
cidmus 50mg tablet,"['Sacubitril (24mg) ', ' Valsartan (26mg)']"
cilacar 10 tablet,"['Cilnidipine (10mg)', ]"
ciplox 500 tablet,"['Ciprofloxacin (500mg)', ]"
ciplox eye/ear drops,"['Ciprofloxacin (0.3% w/v)', ]"
ciplox tz tablet,"['Ciprofloxacin (500mg) ', ' Tinidazole (600mg)']"
claribid 500 tablet,"['Clarithromycin (500mg)', ]"
clavam 625 tablet,"['Amoxycillin  (500mg) ', '  Clavulanic Acid (125mg)']"
combiflam tablet,"['Ibuprofen (400mg) ', ' Paracetamol (325mg)']"
concor 5 tablet,"['Bisoprolol (5mg)', ]"
concor cor 2.5 tablet,"['Bisoprolol (2.5mg)', ]"
cremaffin plus syrup refreshing sugar free,"['Sodium Picosulfate (3.33mg) ', ' Liquid Paraffin (1.25ml) ']"
cyclopam tablet,"['Dicyclomine (20mg) ', ' Paracetamol (500mg)']"
cyra 20mg tablet,"['Rabeprazole (20mg)', ]"
cyra-d capsule,"['Domperidone (30mg) ', ' Rabeprazole (20mg)']"
daflon 1000mg tablet,"['Diosmin (900mg) ', ' Hesperidin (100mg)']"
daflon 500 mg tablet,"['Diosmin (450mg) ', ' Hesperidin (50mg)']"
dalacin c 300mg capsule,"['Clindamycin (300mg)', ]"
dazit 5mg tablet,"['Desloratadine (5mg)', ]"
deca-durabolin 50 injection,"['drolone Decanoate (50mg)', ]"
defcort 6 tablet,"['Deflazacort (6mg)', ]"
deplatt a 75 tablet,"['Aspirin (75mg) ', ' Clopidogrel (75mg)']"
deriphyllin retard 150 tablet pr,"['Etofylline (115mg) ', ' Theophylline (35mg)']"
deriphyllin tablet,"['Etofylline (77mg) ', ' Theophylline (23mg)']"
deviry 10mg tablet,"['Medroxyprogesterone acetate (10mg)', ]"
dexona tablet,"['Dexamethasone (0.5mg)', ]"
diamox tablet,"['Acetazolamide (250mg)', ]"
diane 35 tablet,"['Cyproterone (2mg) ', ' Ethinyl Estradiol (0.035mg)']"
disperzyme tablet,"['Bromelain (180mg) ', ' Trypsin (96mg) ']"
dizone tablet,"['Disulfiram (250mg)', ]"
dolo 650 tablet,"['Paracetamol (650mg)', ]"
dolonex dt 20mg tablet,"['Piroxicam (20mg)', ]"
doxinate plus tablet,"['Doxylamine (10mg) ', ' Vitamin B6 (Pyridoxine) (10mg) ']"
doxinate tablet,"['Doxylamine (10mg) ', ' Vitamin B6 (Pyridoxine) (10mg)']"
doxolin 400mg tablet,"['Doxofylline (400mg)', ]"
doxt-sl capsule,"['Doxycycline (100mg) ', ' Lactobacillus (5Billion Spores)']"
drotin ds tablet,"['Drotaverine (80mg)', ]"
drotin-m tablet,"['Drotaverine (80mg) ', ' Mefenamic Acid (250mg)']"
duolin 3 respules 3ml,"['Levosalbutamol (1.25mg) ', ' Ipratropium (500mcg)']"
duphalac oral solution lemon,"['Lactulose (3.335gm/5ml)', ]"
duphaston 10mg tablet,"['Dydrogesterone (10mg)', ]"
duralast 30 tablet,"['Dapoxetine (30mg)', ]"
duvadilan tablet,"['Isoxsuprine (10mg)', ]"
dydroboon tablet,"['Dydrogesterone (10mg)', ]"
dynapar tablet,"['Diclofenac (50mg) ', ' Paracetamol (325mg)']"
dytor 10 tablet,"['Torasemide (10mg)', ]"
dytor plus 10 tablet,"['Spironolactone (50mg) ', ' Torasemide (10mg)']"
ebast-m tablet,"['Ebastine (10mg) ', ' Montelukast (10mg)']"
econorm 250mg capsule,"['Saccharomyces boulardii (250mg)', ]"
ecosprin 150 tablet,"['Aspirin (150mg)', ]"
ecosprin 75 tablet,"['Aspirin (75mg)', ]"
ecosprin av 75/20 capsule,"['Atorvastatin (20mg) ', ' Aspirin (75mg)']"
ecosprin gold 10 capsule,"['Aspirin (75mg) ', ' Atorvastatin (10mg) ']"
ecosprin gold 20 capsule,"['Aspirin (75mg) ', ' Atorvastatin (20mg) ']"
ecosprin-av 75 capsule,"['Atorvastatin (10mg) ', ' Aspirin (75mg)']"
eldoper 2mg capsule,"['Loperamide (2mg)', ]"
emanzen-d tablet,"['Diclofenac (50mg) ', ' Serratiopeptidase (10mg)']"
embeta xr 25 tablet,"['Metoprolol Succinate (23.75mg)', ]"
embeta xr 50 tablet,"['Metoprolol Succinate (47.5mg)', ]"
emeset 4 tablet,"['Ondansetron (4mg)', ]"
enteroquinol 250mg tablet,"['Quiniodochlor (250mg)', ]"
enzar forte tablet,"['Pancreatin (170mg) ', ' Sodium Tauroglycocholate (65mg)']"
enzoflam tablet,"['Diclofenac (50mg) ', ' Paracetamol (325mg) ']"
enzomac plus tablet,"['Trypsin (48mg) ', ' Bromelain (90mg) ']"
eptoin tablet,"['Phenytoin (100mg)', ]"
equirex tablet,"['Chlordiazepoxide (5mg) ', ' Clidinium (2.5mg)']"
etizola 0.25 tablet,"['Etizolam (0.25mg)', ]"
etizola 0.5 tablet,"['Etizolam (0.5mg)', ]"
etoshine 90 tablet,"['Etoricoxib (90mg)', ]"
etoshine mr tablet,"['Etoricoxib (60mg) ', ' Thiocolchicoside (4mg)']"
etova-mr 400/4 tablet,"['Etodolac (400mg) ', ' Thiocolchicoside (4mg)']"
evion lc tablet,"['Levo-carnitine (150mg) ', ' Vitamin E (200mg)']"
famocid 40 tablet,"['Famotidine (40mg)', ]"
faronem 200 tablet,"['Faropenem (200mg)', ]"
febrex plus tablet,"['Chlorpheniramine Maleate (2mg) ', ' Paracetamol (500mg) ']"
febustat 40 tablet,"['Febuxostat (40mg)', ]"
febutaz 40 tablet,"['Febuxostat (40mg)', ]"
femilon tablet,"['Ethinyl Estradiol (0.02mg) ', ' Desogestrel (0.15mg)']"
finax tablet,"['Finasteride (1mg)', ]"
flagyl 400 tablet,"['Metronidazole (400mg)', ]"
flavedon mr tablet,"['Trimetazidine (35mg)', ]"
flexon mr tablet,"['Ibuprofen (400mg) ', ' Paracetamol (325mg) ']"
flexon tablet,"['Ibuprofen (400mg) ', ' Paracetamol (325mg)']"
flexura d tablet,"['Diclofenac (50mg) ', ' Metaxalone (400mg)']"
fludac capsule,"['Fluoxetine (20mg)', ]"
fluka 150 tablet,"['Fluconazole (150mg)', ]"
fluvir 75mg capsule,"['Oseltamivir Phosphate (75mg)', ]"
folvite 5mg tablet,"['Folic Acid (5mg)', ]"
foracort 0.5mg respules 2ml,"['Formoterol (20mcg) ', ' Budesonide (0.5mg)']"
foracort inhaler 200,"['Formoterol (6mcg) ', ' Budesonide (200mcg)']"
forxiga 10mg tablet,"['Dapagliflozin (10mg)', ]"
frisium 5 tablet,"['Clobazam (5mg)', ]"
fucibet cream,"['Betamethasone (0.1% w/w) ', ' Fusidic Acid (2% w/w)']"
fucidin cream,"['Fusidic Acid (2% w/w)', ]"
gabapin 100 tablet,"['Gabapentin (100mg)', ]"
gabapin nt 100 tablet,"['Gabapentin (100mg) ', ' Nortriptyline (10mg)']"
gabapin nt tablet,"['Gabapentin (400mg) ', ' Nortriptyline (10mg)']"
galvus met 50mg/500mg tablet,"['Metformin  (500mg) ', '  Vildagliptin (50mg)']"
ganaton tablet,"['Itopride (50mg)', ]"
garoin tablet,"['Phenobarbitone (50mg) ', ' Phenytoin (100mg)']"
gemer 2 tablet pr,"['Glimepiride (2mg) ', ' Metformin (500mg)']"
glyciphage sr 500mg tablet,"['Metformin (500mg)', ]"
glycomet 500 sr tablet,"['Metformin (500mg)', ]"
glycomet-gp 1 tablet pr,"['Glimepiride (1mg) ', ' Metformin (500mg)']"
glycomet-gp 2 tablet pr,"['Glimepiride (2mg) ', ' Metformin (500mg)']"
glynase-mf tablet,"['Glipizide (5mg) ', ' Metformin (500mg)']"
grenil tablet,"['Domperidone (20mg) ', ' Paracetamol (500mg)']"
grilinctus syrup,"['Ammonium Chloride (60mg/5ml) ', ' Chlorpheniramine Maleate (2.5mg/5ml) ']"
grilinctus-bm syrup,"['Terbutaline (2.5mg/5ml) ', ' Bromhexine (8mg/5ml)']"
grilinctus-l oral suspension,"['Levocloperastine (20mg/5ml)', ]"
grilinctus-ls syrup,"['Ambroxol (30mg/5ml) ', ' Levosalbutamol (1mg/5ml) ']"
gudcef 200 tablet,"['Cefpodoxime Proxetil (200mg)', ]"
gudcef-cv 200 tablet,"['Cefpodoxime Proxetil (200mg) ', ' Clavulanic Acid (125mg)']"
hcg 5000iu injection,"['Human chorionic gonadotropin (hCG) (5000IU)', ]"
hcqs 200 tablet,"['Hydroxychloroquine (200mg)', ]"
headset tablet,"['Sumatriptan (85mg) ', ' Naproxen (500mg)']"
hepamerz tablet,"['L-Ornithine L-Aspartate (150mg) ', ' Pancreatin (100mg)']"
heptral 400mg tablet,"['Ademetionine (400mg)', ]"
hetrazan 100 tablet,"['Diethylcarbamazine (100mg)', ]"
hicope syrup,"['Hydroxyzine (10mg)', ]"
hifenac-mr tablet,"['Aceclofenac (100mg) ', ' Paracetamol (325mg) ']"
hifenac-p tablet,"['Aceclofenac (100mg) ', ' Paracetamol (325mg)']"
histafree 120 tablet,"['Fexofenadine (120mg)', ]"
histafree suspension raspberry & vanilla,"['Fexofenadine (30mg/5ml)', ]"
histafree-m tablet,"['Montelukast (10mg) ', ' Fexofenadine (120mg)']"
hp kit,"['Omeprazole (20mg) ', ' Tinidazole (500mg) ']"
hucog 5000 hp injection,"['Human chorionic gonadotropin (hCG) (5000IU)', ]"
human actrapid 40iu/ml solution for injection,"['Human insulin (40IU)', ]"
human mixtard 70/30 suspension for injection 100iu/ml,"['Insulin Isophane/NPH   (70%) ', '   Human Insulin/Soluble Insulin (30%)']"
human mixtard 70/30 suspension for injection 40iu/ml,"['Insulin Isophane/NPH   (70%) ', '   Human Insulin/Soluble Insulin (30%)']"
hyane eye drop,"['Sodium Hyaluronate (0.18% w/v)', ]"
hyocimax-s tablet,"['Hyoscyamine (0.125mg)', ]"
hyperneb 3% respules (4ml each),"['Sodium Chloride (3% w/v)', ]"
ibugesic plus oral suspension orange,"['Ibuprofen (100mg) ', ' Paracetamol (162.5mg)']"
ibugesic plus tablet,"['Ibuprofen (400mg) ', ' Paracetamol (325mg)']"
imdur 30mg tablet pr,"['Isosorbide Mononitrate (30mg)', ]"
imodium capsule,"['Loperamide (2mg)', ]"
imol plus tablet,"['Ibuprofen (400mg) ', ' Paracetamol (325mg) ']"
inderal 10 tablet,"['Propranolol (10mg)', ]"
inderal 40 tablet,"['Propranolol (40mg)', ]"
indocap sr capsule,"['Indomethacin (75mg)', ]"
intagesic-mr tablet,"['Chlorzoxazone (250mg) ', ' Diclofenac (50mg) ']"
isolazine tablet,"['Isosorbide Dinitrate (20mg) ', ' Hydralazine (37.5mg)']"
isotroin 20 capsule,"['Isotretinoin (20mg)', ]"
istamet 50mg/500mg tablet,"['Sitagliptin  (50mg) ', '  Metformin (500mg)']"
istavel 100mg tablet,"['Sitagliptin (100mg)', ]"
istavel d 10/100 tablet,"['Dapagliflozin (10mg) ', ' Sitagliptin (100mg)']"
it-mac 200 capsule,"['Itraconazole (200mg)', ]"
itralase 200 capsule,"['Itraconazole (200mg)', ]"
ivabrad 5 tablet,"['Ivabradine (5mg)', ]"
jalra 50mg tablet,"['Vildagliptin (50mg)', ]"
jalra-dp tablet sr,"['Dapagliflozin (10mg) ', ' Vildagliptin (100mg)']"
jalra-m 50mg/500mg tablet,"['Metformin  (500mg) ', '  Vildagliptin (50mg)']"
jalra-od 100mg tablet sr,"['Vildagliptin (100mg)', ]"
janumet 50mg/1000mg tablet,"['Sitagliptin  (50mg) ', '  Metformin (1000mg)']"
janumet 50mg/500mg tablet,"['Sitagliptin  (50mg) ', '  Metformin (500mg)']"
janumet xr cp tablet,"['Sitagliptin  (100mg) ', '  Metformin (1000mg)']"
januvia 100mg tablet,"['Sitagliptin (100mg)', ]"
januvia 50mg tablet,"['Sitagliptin (50mg)', ]"
jardiance 10mg tablet,"['Empagliflozin (10mg)', ]"
jardiance 25mg tablet,"['Empagliflozin (25mg)', ]"
jardiance met 12.5mg/500mg tablet,"['Empagliflozin (12.5mg) ', ' Metformin (500mg)']"
jointace dn tablet,"['Glucosamine (750mg) ', ' Diacerein (50mg) ']"
jonac 100mg suppository,"['Diclofenac (100mg)', ]"
josh in 50mg tablet,"['Sildenafil (50mg)', ]"
junior lanzol 15mg tablet dt,"['Lansoprazole (15mg)', ]"
junior lanzol 30mg tablet dt,"['Lansoprazole (30mg)', ]"
jupiros 10 tablet,"['Rosuvastatin (10mg)', ]"
just tears eye drop,"['Carboxymethylcellulose (0.5% w/v)', ]"
justoza 10 tablet,"['Dapagliflozin (10mg)', ]"
k-bind powder,"['Calcium Polystyrene Sulphonate (15gm)', ]"
kedcid oral suspension mint sugar free,"['Magaldrate (480mg) ', ' Simethicone (20mg)']"
kenacort 0.1% oral paste,"['Triamcinolone (0.1% w/w)', ]"
kenacort 40mg injection,"['Triamcinolone (40mg/ml)', ]"
ketorol-dt tablet,"['Ketorolac (10mg)', ]"
ketoscalp shampoo,"['Ketoconazole (2% w/v) ', ' Zinc pyrithione (1% w/v)']"
kofarest-pd syrup,"['Ambroxol (15mg/5ml) ', ' Guaifenesin (50mg/5ml) ']"
konaz zp lotion,"['Ketoconazole (2% w/v) ', ' Zinc pyrithione (1% w/v)']"
korandil 5 tablet,"['Nicorandil (5mg)', ]"
krimson 35 tablet,"['Cyproterone (2mg) ', ' Ethinyl Estradiol (0.035mg)']"
kt 5 derm cream,"['Clobetasol (0.5mg) ', ' Gentamicin (1mg) ']"
kuff q tablet,"['Bromhexine (8mg) ', ' Chlorpheniramine Maleate (2mg) ']"
kufril ls syrup,"['Ambroxol (15mg/5ml) ', ' Levosalbutamol (0.5mg/5ml) ']"
kz lotion,"['Ketoconazole (2% w/v)', ]"
l-hist mont tablet,"['Levocetirizine (5mg) ', ' Montelukast (10mg)']"
lanol er tablet,"['Paracetamol (650mg)', ]"
lasilactone 50 tablet,"['Furosemide (20mg) ', ' Spironolactone (50mg)']"
lasix tablet,"['Furosemide (40mg)', ]"
letroz tablet,"['Letrozole (2.5mg)', ]"
levera 500 tablet,"['Levetiracetam (500mg)', ]"
levipil 500 tablet,"['Levetiracetam (500mg)', ]"
levocet m tablet,"['Levocetirizine (5mg) ', ' Montelukast (10mg)']"
levocet tablet,"['Levocetirizine (5mg)', ]"
levoflox 500 tablet,"['Levofloxacin (500mg)', ]"
levolin 0.63mg respules,"['Levosalbutamol (0.63mg)', ]"
levolin 1mg syrup,"['Levosalbutamol (1mg/5ml)', ]"
librax 5 mg/2.5 mg tablet,"['Chlordiazepoxide (5mg) ', ' Clidinium (2.5mg)']"
librium 10 tablet,"['Chlordiazepoxide (10mg)', ]"
liofen 10 tablet,"['Baclofen (10mg)', ]"
lipaglyn tablet,"['Saroglitazar (4mg)', ]"
lizolid 600 tablet,"['Linezolid (600mg)', ]"
lomotil tablet,"['Diphenoxylate (2.5mg) ', ' Atropine (0.025mg)']"
lumecare advance ha eye drop,"['Sodium Hyaluronate (0.18% w/v)', ]"
lyser d tablet,"['Diclofenac (50mg) ', ' Serratiopeptidase (10mg)']"
manforce 100mg tablet,"['Sildenafil (100mg)', ]"
manforce 50mg tablet,"['Sildenafil (50mg)', ]"
maxtra syrup,"['Chlorpheniramine Maleate (2mg/5ml) ', ' Phenylephrine (5mg/5ml)']"
meftal-forte tablet,"['Mefenamic Acid (500mg) ', ' Paracetamol (325mg)']"
meftal-p suspension,"['Mefenamic Acid (100mg/5ml)', ]"
meftal-spas tablet,"['Dicyclomine (10mg) ', ' Mefenamic Acid (250mg)']"
meganeuron od plus capsule,"['Methylcobalamin (1500mcg) ', ' Vitamin B6 (Pyridoxine) (5mg) ']"
meprate 10mg tablet,"['Medroxyprogesterone acetate (10mg)', ]"
metrogyl 400 tablet,"['Metronidazole (400mg)', ]"
monocef 1gm injection,"['Ceftriaxone (1gm)', ]"
monocef-o 200 tablet,"['Cefpodoxime Proxetil (200mg)', ]"
montair fx tablet,"['Montelukast (10mg) ', ' Fexofenadine (120mg)']"
montair lc kid syrup,"['Levocetirizine (2.5mg/5ml) ', ' Montelukast (4mg/5ml)']"
montair-lc tablet,"['Levocetirizine (5mg) ', ' Montelukast (10mg)']"
montek lc tablet,"['Levocetirizine (5mg) ', ' Montelukast (10mg)']"
monticope tablet,"['Levocetirizine (5mg) ', ' Montelukast (10mg)']"
montina-l tablet,"['Levocetirizine (5mg) ', ' Montelukast (10mg)']"
moxikind-cv 625 tablet,"['Amoxycillin  (500mg) ', '  Clavulanic Acid (125mg)']"
mucaine gel mint sugar free,"['Oxetacaine (10mg/5ml) ', ' Aluminium Hydroxide (0.291gm/5ml) ']"
mucinac 600 effervescent tablet orange sugar free,"['Acetylcysteine (600mg)', ]"
naxdom 500 tablet,"['Naproxen (500mg) ', ' Domperidone (10mg)']"
nefrosave tablet,"['Taurine (500mg) ', ' Acetylcysteine (150mg)']"
neptaz 50mg tablet,"['Sacubitril (24mg) ', ' Valsartan (26mg)']"
neurobion rf forte injection,"['Methylcobalamin (1000mcg) ', ' Vitamin B6 (Pyridoxine) (100mg) ']"
nexito 10 tablet,"['Escitalopram Oxalate (10mg)', ]"
nexito 5 tablet,"['Escitalopram Oxalate (5mg)', ]"
nexito plus tablet,"['Clonazepam (0.5mg) ', ' Escitalopram Oxalate (5mg)']"
nexpro 40 tablet,"['Esomeprazole (40mg)', ]"
nexpro rd 40 capsule sr,"['Domperidone (30mg) ', ' Esomeprazole (40mg)']"
nicardia retard 20 tablet sr,"['Nifedipine (20mg)', ]"
nicip plus tablet,"['Nimesulide (100mg) ', ' Paracetamol (325mg)']"
niftas tablet sr,"['Nitrofurantoin (100mg)', ]"
nikoran 5 tablet,"['Nicorandil (5mg)', ]"
nise tablet,"['Nimesulide (100mg)', ]"
norflox 400 tablet,"['Norfloxacin (400mg) ', ' Lactobacillus (120Million spores)']"
norflox-tz rf tablet,"['Norfloxacin (400mg) ', ' Tinidazole (600mg)']"
normaxin tablet,"['Clidinium (2.5mg) ', ' Chlordiazepoxide (5mg) ']"
nucoxia mr tablet,"['Etoricoxib (60mg) ', ' Thiocolchicoside (4mg)']"
nurokind-lc tablet,"['Levo-carnitine (500mg) ', ' Methylcobalamin (1500mcg) ']"
nurokind-plus rf capsule,"['Methylcobalamin (1500mcg) ', ' Alpha Lipoic Acid (100mg) ']"
o2 m oral suspension,"['Ofloxacin (100mg/5ml) ', ' Metronidazole (200mg/5ml)']"
o2 tablet,"['Ofloxacin (200mg) ', ' Ornidazole (500mg)']"
oflox 200 tablet,"['Ofloxacin (200mg)', ]"
oflox oz tablet,"['Ofloxacin (200mg) ', ' Ornidazole (500mg)']"
okacet tablet,"['Cetirizine (10mg)', ]"
omee capsule,"['Omeprazole (20mg)', ]"
omez capsule,"['Omeprazole (20mg)', ]"
omez-dsr capsule,"['Domperidone (30mg) ', ' Omeprazole (20mg)']"
omnacortil 10 tablet dt,"['Prednisolone (10mg)', ]"
omnacortil oral solution,"['Prednisolone (5mg/5ml)', ]"
ondem -md 4 tablet,"['Ondansetron (4mg)', ]"
ondem 4 tablet,"['Ondansetron (4mg)', ]"
ondem syrup,"['Ondansetron (2mg/5ml)', ]"
ondero 5mg tablet,"['Linagliptin (5mg)', ]"
ondero met 2.5mg/500mg tablet,"['Metformin (500mg) ', ' Linagliptin (2.5mg)']"
optineuron injection,"['Thiamine(Vitamin B1) (100mg) ', ' Vitamin B6 (Pyridoxine) (100mg) ']"
ornof tablet,"['Ofloxacin (200mg) ', ' Ornidazole (500mg)']"
ovral g tablet,"['Norgestrel (0.5mg) ', ' Ethinyl Estradiol (0.05mg)']"
ovral l tablet,"['Ethinyl Estradiol (0.03mg) ', ' Levonorgestrel (0.15mg)']"
oxra 10mg tablet,"['Dapagliflozin (10mg)', ]"
pacitane tablet,"['Trihexyphenidyl (2mg)', ]"
pan 40 tablet,"['Pantoprazole (40mg)', ]"
pan-d capsule pr,"['Domperidone (30mg) ', ' Pantoprazole (40mg)']"
panderm + cream,"['Terbinafine (1% w/w) ', ' Clobetasol (0.05% w/w) ']"
pantocid dsr capsule,"['Domperidone (30mg) ', ' Pantoprazole (40mg)']"
pantocid tablet,"['Pantoprazole (40mg)', ]"
pantop 40 tablet,"['Pantoprazole (40mg)', ]"
pantop-d capsule,"['Domperidone (10mg) ', ' Pantoprazole (20mg)']"
pantop-d sr capsule,"['Domperidone (30mg) ', ' Pantoprazole (40mg)']"
pantosec d sr capsule,"['Domperidone (30mg) ', ' Pantoprazole (40mg)']"
pause 500 tablet,"['Tranexamic Acid (500mg)', ]"
perinorm tablet,"['Metoclopramide (10mg)', ]"
phenergan syrup,"['Promethazine (5mg/5ml)', ]"
piriton cs syrup,"['Chlorpheniramine Maleate (4mg/5ml) ', ' Dextromethorphan Hydrobromide (10mg/5ml)']"
placida tablet,"['Flupenthixol (0.5mg) ', ' Melitracen (10mg)']"
power vegra 100mg tablet,"['Sildenafil (100mg)', ]"
pregalin 75 capsule,"['Pregabalin (75mg)', ]"
primolut-n tablet,"['Norethisterone (5mg)', ]"
prolomet xl 25 tablet,"['Metoprolol Succinate (23.75mg)', ]"
pulmoclear tablet,"['Acebrophylline (100mg) ', ' Acetylcysteine (600mg)']"
q-car forte tablet,"['Coenzyme Q10 (100mg) ', ' Levo-carnitine (500mg) ']"
q-car tablet,"['Coenzyme Q10 (50mg) ', ' Levo-carnitine (500mg)']"
q-mind 25 tablet,"['Quetiapine (25mg)', ]"
qmax 200mg tablet,"['Ofloxacin (200mg)', ]"
qtern 5mg/10mg tablet,"['Saxagliptin (5mg) ', ' Dapagliflozin (10mg)']"
quadrajel gel,"['Lidocaine (2% w/w) ', ' Chlorhexidine Gluconate (1% w/w) ']"
quadriderm rf cream,"['Beclometasone (0.025% w/w) ', ' Neomycin (0.5% w/w) ']"
quard cream,"['Beclometasone (NA) ', ' Clioquinol (Iodochlorhydroxyquin) (NA) ']"
qudict 2 mg/0.5 mg tablet,"['Buprenorphine (2mg) ', ' Naloxone (0.5mg)']"
quel 25mg tablet,"['Quetiapine (25mg)', ]"
quicnac 600 effervescent tablet orange sugar free,"['Acetylcysteine (600mg)', ]"
quicnac ab tablet,"['Acebrophylline (100mg) ', ' Acetylcysteine (600mg)']"
qure 500 tablet,"['Levofloxacin (500mg)', ]"
qutan 100 tablet,"['Quetiapine (100mg)', ]"
qutan 25 tablet,"['Quetiapine (25mg)', ]"
qutan 50 tablet,"['Quetiapine (50mg)', ]"
qutipin 100 tablet,"['Quetiapine (100mg)', ]"
qutipin 25 tablet,"['Quetiapine (25mg)', ]"
qutipin 50 tablet,"['Quetiapine (50mg)', ]"
rabekind-dsr capsule,"['Domperidone (30mg) ', ' Rabeprazole (20mg)']"
rantac 150 tablet,"['Ranitidine (150mg)', ]"
rapitus syrup sugar free,"['Levodropropizine (30mg/5ml)', ]"
razo-d capsule sr,"['Domperidone (30mg) ', ' Rabeprazole (20mg)']"
redotil 100mg capsule,"['Racecadotril (100mg)', ]"
refresh tears eye drop,"['Carboxymethylcellulose (0.5% w/v)', ]"
regestrone 5mg tablet,"['Norethisterone (5mg)', ]"
relent plus syrup,"['Cetirizine (5mg/5ml) ', ' Ambroxol (30mg/5ml)']"
relent tablet,"['Cetirizine (5mg) ', ' Ambroxol (60mg)']"
reswas syrup,"['Chlorpheniramine Maleate (2mg/5ml) ', ' Levodropropizine (30mg/5ml)']"
retino-a 0.025% cream,"['Tretinoin (0.025% w/w)', ]"
rexcof dx syrup,"['Chlorpheniramine Maleate (2mg/5ml) ', ' Dextromethorphan Hydrobromide (10mg/5ml)']"
rexidin-m forte gel,"['Lidocaine (2% w/w) ', ' Chlorhexidine Gluconate (1% w/w) ']"
rifagut 400 tablet,"['Rifaximin (400mg)', ]"
rifagut 550 tablet,"['Rifaximin (550mg)', ]"
rivotril 0.5mg tablet,"['Clonazepam (0.5mg)', ]"
roko capsule,"['Loperamide (2mg)', ]"
roseday 10 tablet,"['Rosuvastatin (10mg)', ]"
rosuvas 10 tablet,"['Rosuvastatin (10mg)', ]"
roxid 150 tablet,"['Roxithromycin (150mg)', ]"
seroflo 250 inhaler,"['Salmeterol (25mcg) ', ' Fluticasone Propionate (250mcg)']"
sibelium 10mg tablet,"['Flunarizine (10mg)', ]"
signoflam tablet,"['Aceclofenac (100mg) ', ' Paracetamol (325mg) ']"
sinarest new tablet,"['Chlorpheniramine Maleate (2mg) ', ' Paracetamol (500mg) ']"
solvin cold tablet,"['Chlorpheniramine Maleate (2mg) ', ' Paracetamol (500mg) ']"
sompraz 40 tablet,"['Esomeprazole (40mg)', ]"
sompraz d 40 capsule sr,"['Domperidone (30mg) ', ' Esomeprazole (40mg)']"
sorbiline syrup,"['Tricholine Citrate (0.55gm) ', ' Sorbitol (7.15gm)']"
sorbitrate 5 tablet,"['Isosorbide Dinitrate (5mg)', ]"
spasmo-proxyvon plus capsule,"['Dicyclomine (10mg) ', ' Paracetamol (325mg) ']"
stamlo 5 tablet,"['Amlodipine (5mg)', ]"
stemetil md tablet,"['Prochlorperazine (5mg)', ]"
stugeron tablet,"['Cinnarizine (25mg)', ]"
suhagra 100 tablet,"['Sildenafil (100mg)', ]"
sumo cold tablet,"['Caffeine (30mg) ', ' Diphenhydramine (25mg) ']"
sumo tablet,"['Nimesulide (100mg) ', ' Paracetamol (325mg)']"
surfaz-sn cream,"['Beclometasone (0.025% w/w) ', ' Neomycin (3500u/1g) ']"
susten 200 soft gelatin capsule,"['Progesterone (Natural Micronized) (200mg)', ]"
susten sr 200 tablet,"['Progesterone (Natural Micronized) (200mg)', ]"
syndopa plus tablet,"['Levodopa (100mg) ', ' Carbidopa (25mg)']"
t-bact 2% ointment,"['Mupirocin (2% w/w)', ]"
taxim-o 200 tablet,"['Cefixime (200mg)', ]"
telekast-l tablet,"['Levocetirizine (5mg) ', ' Montelukast (10mg)']"
telma 40 tablet,"['Telmisartan (40mg)', ]"
telma h tablet,"['Telmisartan (40mg) ', ' Hydrochlorothiazide (12.5mg)']"
telma-am tablet,"['Telmisartan (40mg) ', ' Amlodipine (5mg)']"
telmikind 40 tablet,"['Telmisartan (40mg)', ]"
telmikind-am tablet,"['Telmisartan (40mg) ', ' Amlodipine (5mg)']"
telvas 40 tablet,"['Telmisartan (40mg)', ]"
thrombophob gel,"['Benzyl Nicotinate (2.0mg) ', ' Heparin (50IU)']"
thrombophob ointment,"['Benzyl Nicotinate (2mg) ', ' Heparin (50IU)']"
thyronorm 25mcg tablet,"['Thyroxine (25mcg)', ]"
torex cough syrup,"['Diphenhydramine (12.5mg/5ml) ', ' Ammonium Chloride (125mg/5ml) ']"
trajenta 5mg tablet,"['Linagliptin (5mg)', ]"
trenaxa 500 tablet,"['Tranexamic Acid (500mg)', ]"
trental 400 tablet pr,"['Pentoxifylline (400mg)', ]"
tryptomer 10mg tablet,"['Amitriptyline (10mg)', ]"
tuf n tight 100mg tablet,"['Sildenafil (100mg)', ]"
tusq-dx dt tablet,"['Phenylephrine (5mg) ', ' Chlorpheniramine Maleate (2mg) ']"
tusq-dx liquid,"['Phenylephrine (5mg/5ml) ', ' Chlorpheniramine Maleate (2mg/5ml) ']"
udapa 10 tablet,"['Dapagliflozin (10mg)', ]"
udiliv 150mg tablet,"['Ursodeoxycholic Acid (150mg)', ]"
udiliv 300 tablet,"['Ursodeoxycholic Acid (300mg)', ]"
ugesic sublingual tablet,"['Piroxicam (20mg)', ]"
ulgel oral suspension saunf sugar free,"['Magaldrate (400mg/5ml) ', ' Simethicone (20mg/5ml)']"
ulgel-a oral suspension,"['Magaldrate (540mg) ', ' Simethicone (50mg) ']"
ultrabrite cream,"['Hydroquinone (2% w/w) ', ' Mometasone (0.1% w/w) ']"
ultracet semi tablet,"['Paracetamol/Acetaminophen  (162.5mg) ', '  Tramadol (18.75mg)']"
ultracet tablet,"['Paracetamol/Acetaminophen  (325mg) ', '  Tramadol (37.5mg)']"
unicontin-e 400 tablet cr,"['Theophylline (400mg)', ]"
unwanted 21 days tablet,"['Ethinyl Estradiol (0.03mg) ', ' Levonorgestrel (0.15mg)']"
uprise-d3 60k capsule,"['Vitamin D3 (60000IU)', ]"
uribid tablet,"['Nitrofurantoin (100mg)', ]"
urikind tablet,"['Flavoxate (200mg)', ]"
urimax 0.4 capsule mr,"['Tamsulosin (0.4mg)', ]"
urimax d tablet mr,"['Tamsulosin  (0.4mg) ', '  Dutasteride (0.5mg)']"
urispas tablet,"['Flavoxate (200mg)', ]"
urotone tablet,"['Bethanechol (25mg)', ]"
ursocol 300 tablet,"['Ursodeoxycholic Acid (300mg)', ]"
vasograin tablet,"['Caffeine (100mg) ', ' Ergotamine (1mg) ']"
veloz d capsule sr,"['Domperidone (30mg) ', ' Rabeprazole (20mg)']"
veltam 0.4 tablet mr,"['Tamsulosin (0.4mg)', ]"
veltam plus tablet mr,"['Tamsulosin  (0.4mg) ', '  Dutasteride (0.5mg)']"
ventidox-m tablet sr,"['Doxofylline (400mg) ', ' Montelukast (10mg)']"
vertigon tablet,"['Cinnarizine (25mg)', ]"
vertin 16 tablet,"['Betahistine (16mg)', ]"
vertin 8mg tablet,"['Betahistine (8mg)', ]"
viagra 100mg tablet,"['Sildenafil (100mg)', ]"
viagra 50mg tablet,"['Sildenafil (50mg)', ]"
vicks action 500 advanced tablet,"['Caffeine (30mg) ', ' Diphenhydramine (25mg) ']"
vigore 100 red tablet,"['Sildenafil (100mg)', ]"
vigore spray,"['Sildenafil (NA)', ]"
vitcofol injection,"['Nicotinamide (200mg/ml) ', ' Folic Acid (15mg/ml) ']"
vomikind -md 4 tablet,"['Ondansetron (4mg)', ]"
vomikind syrup,"['Ondansetron (2mg/5ml)', ]"
voveran sr 100 tablet,"['Diclofenac (100mg)', ]"
vsl 3 capsule,"['Live Freeze Dried Lactic Acid Bacteria and Bifidobacteria (112.5Billion CFU)', ]"
vymada 100mg tablet,"['Sacubitril (49mg) ', ' Valsartan (51mg)']"
vymada 50mg tablet,"['Sacubitril (24mg) ', ' Valsartan (26mg)']"
walamycin suspension,"['Colistin Sulphate (12.5mg)', ]"
warf 5 tablet,"['Warfarin (5mg)', ]"
waxonil activ ear drop,"['Benzocaine (2.7% w/v) ', ' Chlorbutol (5% w/v) ']"
waxonil ear drop,"['Paradichlorobenzene (2% w/v) ', ' Benzocaine (2.7% w/v) ']"
wellcal k2 7 softgel capsule,"['Calcitriol (0.25mcg) ', ' Calcium Carbonate (500mg) ']"
welminic syrup,"['Chlorpheniramine Maleate (2mg/5ml) ', ' Phenylephrine (5mg/5ml)']"
wikoryl 10 tablet,"['Chlorpheniramine Maleate (2mg) ', ' Paracetamol (500mg) ']"
wikoryl af drops,"['Chlorpheniramine Maleate (2mg/ml) ', ' Phenylephrine (5mg/ml)']"
wikoryl af syrup,"['Chlorpheniramine Maleate (2mg/5ml) ', ' Phenylephrine (5mg/5ml)']"
wikoryl ds syrup orange,"['Chlorpheniramine Maleate (2mg/5ml) ', ' Phenylephrine (5mg/5ml) ']"
wikoryl oral drops mix fruit,"['Chlorpheniramine Maleate (1mg) ', ' Paracetamol (125mg) ']"
wikoryl oral suspension american ice cream,"['Chlorpheniramine Maleate (1mg/5ml) ', ' Paracetamol (125mg/5ml) ']"
wikoryl tablet,"['Chlorpheniramine Maleate (2mg) ', ' Paracetamol (500mg) ']"
winolap eye drop,"['Olopatadine (0.1% w/v)', ]"
wymox 500mg capsule,"['Amoxycillin (500mg)', ]"
wysolone 10 tablet dt,"['Prednisolone (10mg)', ]"
wysolone 20 tablet dt,"['Prednisolone (20mg)', ]"
wysolone 40mg tablet,"['Prednisolone (40mg)', ]"
wysolone 5 tablet dt,"['Prednisolone (5mg)', ]"
xafinact 50 tablet,"['Safinamide (50mg)', ]"
xarelto 10mg tablet,"['Rivaroxaban (10mg)', ]"
xarelto 15mg tablet,"['Rivaroxaban (15mg)', ]"
xarelto 20mg tablet,"['Rivaroxaban (20mg)', ]"
xerofung-k cream,"['Ketoconazole (2% w/w)', ]"
xl 90 syrup,"['Guaifenesin (100mg/5ml) ', ' Chlorpheniramine Maleate (4mg/5ml) ']"
xlove orally disintegrating strip,"['Sildenafil (50mg)', ]"
xone 1000mg injection,"['Ceftriaxone (1000mg)', ]"
xone xp 1000mg/125mg injection,"['Ceftriaxone (1000mg) ', ' Tazobactum (125mg)']"
xtor 10 tablet,"['Atorvastatin (10mg)', ]"
xygrel 90 tablet,"['Ticagrelor (90mg)', ]"
xykaa mr 4 tablet,"['Paracetamol (500mg) ', ' Thiocolchicoside (4mg)']"
xykaa rapid 650 tablet,"['Paracetamol (650mg)', ]"
xylocaine 2% injection,"['Lidocaine (2%)', ]"
xylocaine 2% jelly,"['Lidocaine (2% w/v)', ]"
xylocaine nf cream,"['Lidocaine (1.5% w/w) ', ' Nifedipine (0.3% w/w)']"
xylocaine spray,"['Lidocaine (10% w/v)', ]"
xyzal 5mg tablet,"['Levocetirizine (5mg)', ]"
xyzal m tablet,"['Levocetirizine (5mg) ', ' Montelukast (10mg)']"
xyzal syrup,"['Levocetirizine (2.5mg/5ml)', ]"
yamini ls kit,"['Ethinyl Estradiol (0.02mg) ', ' Drospirenone (3mg)']"
yamini tablet,"['Ethinyl Estradiol (0.03mg) ', ' Drospirenone (3mg)']"
yashcold tablet,"['Caffeine (15mg) ', ' Chlorpheniramine Maleate (2mg) ']"
yasmin tablet,"['Ethinyl Estradiol (0.03mg) ', ' Drospirenone (3mg)']"
yaw 10 tablet,"['Tadalafil (10mg)', ]"
yaw 2.5 tablet,"['Tadalafil (2.5mg)', ]"
yaw 5 tablet,"['Tadalafil (5mg)', ]"
yaw plus 10mg/30mg tablet,"['Tadalafil (10mg) ', ' Dapoxetine (30mg)']"
yaz tablet,"['Ethinyl Estradiol (0.02mg) ', ' Drospirenone (3mg)']"
ycyst m tablet,"['Metformin (500mg) ', ' Alpha Lipoic Acid (200mg)']"
yees 40 tablet,"['Esomeprazole (40mg)', ]"
yees-d capsule sr,"['Domperidone (30mg) ', ' Esomeprazole (40mg)']"
yemetil 25mg tablet,"['Chlorpromazine (25mg)', ]"
yemetil 50mg tablet,"['Chlorpromazine (50mg)', ]"
yescort 6mg tablet,"['Deflazacort (6mg)', ]"
yogatel 40 tablet,"['Telmisartan (40mg)', ]"
yogazam 10mg tablet,"['Clobazam (10mg)', ]"
yuliprist tablet,"['Ulipristal acetate (5mg)', ]"
yuvti tablet,"['Ethinyl Estradiol (0.03mg) ', ' Drospirenone (3mg)']"
yuxa 35 tablet,"['Cyproterone (2mg) ', ' Ethinyl Estradiol (0.035mg)']"
zapiz 0.25 tablet,"['Clonazepam (0.25mg)', ]"
zapiz 0.5 tablet,"['Clonazepam (0.5mg)', ]"
zedex cough syrup,"['Chlorpheniramine Maleate (2mg) ', ' Dextromethorphan Hydrobromide (10mg)']"
zenflox-oz tablet,"['Ofloxacin (200mg) ', ' Ornidazole (500mg)']"
zenflox-uti tablet,"['Ofloxacin (200mg) ', ' Flavoxate (200mg)']"
zentel chewable tablet,"['Albendazole (400mg)', ]"
zentel oral suspension,"['Albendazole (400mg)', ]"
zerodol tablet,"['Aceclofenac (100mg)', ]"
zerodol th 4 tablet,"['Aceclofenac (100mg) ', ' Thiocolchicoside (4mg)']"
zerodol-mr tablet,"['Aceclofenac (100mg) ', ' Tizanidine (2mg)']"
zerodol-p tablet,"['Aceclofenac (100mg) ', ' Paracetamol (325mg)']"
zerodol-sp tablet,"['Aceclofenac (100mg) ', ' Paracetamol (325mg) ']"
zifi 200 tablet,"['Cefixime (200mg)', ]"
zifi cv 200 tablet,"['Cefixime (200mg) ', ' Clavulanic Acid (125mg)']"
zocef 500 tablet,"['Cefuroxime (500mg)', ]"
zocef-cv 500 tablet,"['Cefuroxime (500mg) ', ' Clavulanic Acid (125mg)']"
zolfresh 10mg tablet,"['Zolpidem (10mg)', ]"
zolfresh 5 tablet,"['Zolpidem (5mg)', ]"
zyloric tablet,"['Allopurinol (100mg)', ]"
zytee rb gel,"['Choline Salicylate (9% w/v)', ]"
